<?xml version="1.0" encoding="utf-8"?><Code_Saturne_GUI case="02_Refined_case" solver_version="8.0" study="GTS_Storms" version="2.0">
  <additional_scalars>
    <users/>
  </additional_scalars>
  <analysis_control>
    <output>
      <listing_printing_frequency>1</listing_printing_frequency>
      <mesh id="-1" label="Fluid domain" type="cells">
        <all_variables status="on"/>
        <location>all[]</location>
        <writer id="-1"/>
      </mesh>
      <mesh id="-2" label="Boundary" type="boundary_faces">
        <all_variables status="on"/>
        <location>all[]</location>
        <writer id="-1"/>
      </mesh>
      <probe_format choice="CSV"/>
      <probe_recording_frequency>1</probe_recording_frequency>
      <probes_interpolation choice=""/>
      <probes_snap choice=""/>
      <writer id="-1" label="results">
        <directory name="postprocessing"/>
        <format name="ensight" options="separate_meshes"/>
        <frequency period="none"/>
        <output_at_end status="on"/>
        <output_at_start status="on"/>
        <time_dependency choice="fixed_mesh"/>
      </writer>
    </output>
    <profiles>
      <profile label="checkVxProfile">
        <format name="CSV"/>
        <formula>#example: a line segment between (x0, y0, z0) and (x1, y1, z1)
#(s, the parameter is always between 0 and 1)
w = 0.32385;
x0 = -8.057*w;
x1 = -8.057*w;
y0 = 0;
y1 = 0;
z0 = -0.0762;
z1 = 0.0762;
x = x1*s + x0*(1.-s);
y = y1*s + y0*(1.-s);
z = z1*s + z0*(1.-s);</formula>
        <interpolation>yes</interpolation>
        <output_frequency>1</output_frequency>
        <output_type>frequency</output_type>
        <points>61</points>
        <var_prop component="-1" name="TimeAverage1_Vx"/>
      </profile>
    </profiles>
    <scalar_balances/>
    <time_averages>
      <time_average id="1" label="TimeAverage1_Vx" name="TimeAverage1_Vx">
        <time_start>0.1291</time_start>
        <time_step_start>-1</time_step_start>
        <var_prop component="0" name="velocity"/>
      </time_average>
    </time_averages>
    <time_parameters>
      <iterations>7752</iterations>
      <property label="CourantNb" name="courant_number"/>
      <property label="FourierNb" name="fourier_number"/>
      <time_passing>0</time_passing>
      <time_step_ref>5e-05</time_step_ref>
    </time_parameters>
  </analysis_control>
  <boundary_conditions>
    <boundary label="inlet" name="1" nature="inlet">inlet</boundary>
    <boundary label="outlet" name="2" nature="outlet">outlet</boundary>
    <boundary label="NoSlip1" name="3" nature="symmetry">top</boundary>
    <boundary label="NoSlip2" name="4" nature="symmetry">left</boundary>
    <boundary label="NoSlip3" name="5" nature="symmetry">right</boundary>
    <boundary label="NoSlip4" name="6" nature="wall">floor</boundary>
    <boundary label="NoSlip5" name="7" nature="wall">gtsModel</boundary>
    <boundary label="NoSlip6" name="8" nature="wall">gtsCorners</boundary>
    <inlet field_id="none" label="inlet">
      <turbulence choice="formula">
        <formula>I=turbIntensity;
# Diametro hidraulico
#dh=2.510117647;
# Longitud del GTS
dh=2.47648095;
# Turbulent length scale (l)
l=0.07*dh;
k = 1.5*(I*vel_inf)^2;
omega = (k^0.5)/l;</formula>
        <hydraulic_diameter>2.510117647</hydraulic_diameter>
      </turbulence>
      <velocity_pressure choice="norm" direction="coordinates">
        <direction_x>1</direction_x>
        <direction_y>0</direction_y>
        <direction_z>0</direction_z>
        <norm>94.244</norm>
      </velocity_pressure>
    </inlet>
    <outlet field_id="none" label="outlet"/>
    <symmetry field_id="none" label="NoSlip1"/>
    <symmetry field_id="none" label="NoSlip2"/>
    <symmetry field_id="none" label="NoSlip3"/>
    <wall field_id="none" label="NoSlip5">
      <velocity_pressure choice="off">
        <dirichlet component="0" name="velocity">0</dirichlet>
        <dirichlet component="1" name="velocity">0</dirichlet>
        <dirichlet component="2" name="velocity">0</dirichlet>
      </velocity_pressure>
    </wall>
    <wall field_id="none" label="NoSlip6">
      <velocity_pressure choice="off">
        <dirichlet component="0" name="velocity">0</dirichlet>
        <dirichlet component="1" name="velocity">0</dirichlet>
        <dirichlet component="2" name="velocity">0</dirichlet>
      </velocity_pressure>
    </wall>
    <wall field_id="none" label="NoSlip4">
      <velocity_pressure choice="off">
        <dirichlet component="0" name="velocity">0</dirichlet>
        <dirichlet component="1" name="velocity">0</dirichlet>
        <dirichlet component="2" name="velocity">0</dirichlet>
      </velocity_pressure>
    </wall>
  </boundary_conditions>
  <calculation_management>
    <block_io>
      <rank_step>4</rank_step>
    </block_io>
    <partitioning>
      <type>metis</type>
    </partitioning>
    <start_restart>
      <frozen_field status="off"/>
      <restart_rescue>0</restart_rescue>
    </start_restart>
  </calculation_management>
  <lagrangian model="off"/>
  <numerical_parameters>
    <velocity_pressure_algo choice="simplec"/>
  </numerical_parameters>
  <physical_properties>
    <fluid_properties>
      <material choice="user_material"/>
      <method choice="user_properties"/>
      <property choice="constant" label="Density" name="density">
        <initial_value>1.20083</initial_value>
        <listing_printing status="off"/>
        <postprocessing_recording status="off"/>
      </property>
      <property choice="constant" label="DiffDyn" name="dynamic_diffusion">
        <initial_value>0.01</initial_value>
        <listing_printing status="off"/>
        <postprocessing_recording status="off"/>
      </property>
      <property choice="constant" label="LamVisc" name="molecular_viscosity">
        <initial_value>1.7708e-05</initial_value>
        <listing_printing status="off"/>
        <postprocessing_recording status="off"/>
      </property>
      <reference_pressure>97297.474</reference_pressure>
      <reference_temperature>281.65</reference_temperature>
    </fluid_properties>
    <gravity>
      <gravity_x>0</gravity_x>
      <gravity_y>0</gravity_y>
      <gravity_z>0</gravity_z>
    </gravity>
    <notebook>
      <var description="Ancho del vehiculo" editable="No" id="0" name="width" oturns="No" value="0.32385"/>
      <var description="Longitud del vehiculo" editable="No" id="1" name="length" oturns="No" value="2.47648095"/>
      <var description="Altura del vehiculo" editable="No" id="2" name="height" oturns="No" value="0.4508"/>
      <var description="Altura de los soportes inferiores" editable="No" id="3" name="struts_height" oturns="No" value="0.0762"/>
      <var description="Diametro de los soportes inferiores" editable="No" id="4" name="struts_diam" oturns="No" value="0.0381"/>
      <var description="Presion dinamica" editable="No" id="5" name="pressure_dynamic" oturns="No" value="5329.073"/>
      <var description="Temperatura estatica (en grados Celsius)" editable="No" id="6" name="temp_static" oturns="No" value="8.5"/>
      <var description="Presion estatica" editable="No" id="7" name="pressure_static" oturns="No" value="97297.474"/>
      <var description="Velocidad de corriente libre" editable="No" id="8" name="vel_inf" oturns="No" value="94.244"/>
      <var description="Angulo de guiniada" editable="No" id="9" name="yaw_angle" oturns="No" value="0.0"/>
      <var description="Area proyectada para yaw_angle=0.0 (de SolidWorks)" editable="No" id="10" name="proj_area_0_0" oturns="No" value="0.14599158"/>
      <var description="Area proyectada para yaw_angle=2.5 (de SolidWorks)" editable="No" id="11" name="proj_area_2_5" oturns="No" value="0.20446284"/>
      <var description="Area proyectada para yaw_angle=5.0 (de SolidWorks)" editable="No" id="12" name="proj_area_5_0" oturns="No" value="0.25112829"/>
      <var description="Area proyectada para yaw_angle=7.5 (de SolidWorks)" editable="No" id="13" name="proj_area_7_5" oturns="No" value="0.29504745"/>
      <var description="Area proyectada para yaw_angle=10.0 (de SolidWorks)" editable="No" id="14" name="proj_area_10_0" oturns="No" value="0.3432725"/>
      <var description="Area proyectada para yaw_angle=12.5 (de SolidWorks)" editable="No" id="15" name="proj_area_12_5" oturns="No" value="0.38854048"/>
      <var description="Area proyectada para yaw_angle=14.0 (de SolidWorks)" editable="No" id="16" name="proj_area_14_0" oturns="No" value="0.41538067"/>
      <var description="Intensidad de turbulencia (expresada como valor relativo, no porcentual) (e.g. : 1% -&gt; 0.01) (0.0025 fue extraido de Salari 2004)" editable="No" id="17" name="turbIntensity" oturns="No" value="0.0025"/>
    </notebook>
    <omega>
      <omega_x>0</omega_x>
      <omega_y>0</omega_y>
      <omega_z>0</omega_z>
    </omega>
    <time_tables/>
  </physical_properties>
  <solution_domain>
    <extrusion/>
    <faces_cutting status="off"/>
    <joining/>
    <mesh_cartesian>
      <x_direction law="constant" max="1.0" min="0.0" ncells="1" prog="1.0"/>
      <y_direction law="constant" max="1.0" min="0.0" ncells="1" prog="1.0"/>
      <z_direction law="constant" max="1.0" min="0.0" ncells="1" prog="1.0"/>
    </mesh_cartesian>
    <mesh_smoothing status="off"/>
    <meshes_list>
      <mesh discard_bad_cells="on" name="case04_v2.med"/>
    </meshes_list>
    <periodicity/>
    <thin_walls/>
    <volumic_conditions>
      <zone groundwater_law="off" head_losses="off" id="1" initialization="on" label="all_cells" momentum_source_term="off" physical_properties="on" porosity="off" scalar_source_term="off" solid="off" thermal_source_term="off">all[]</zone>
    </volumic_conditions>
  </solution_domain>
  <thermophysical_models>
    <ale_method/>
    <atmospheric_flows model="off">
      <large_scale_meteo status="off"/>
    </atmospheric_flows>
    <compressible_model model="off"/>
    <conjugate_heat_transfer>
      <external_coupling>
        <syrthes_instances/>
      </external_coupling>
    </conjugate_heat_transfer>
    <gas_combustion model="off">
      <thermodynamical_pressure status="off"/>
    </gas_combustion>
    <groundwater_model model="off"/>
    <hgn_model model="off"/>
    <internal_coupling>
      <coupled_scalars/>
      <solid_zones/>
    </internal_coupling>
    <interparticles_radiative_transfer>
      <emissivity>1.0</emissivity>
      <status>off</status>
    </interparticles_radiative_transfer>
    <joule_effect model="off"/>
    <porosities/>
    <radiative_transfer model="off"/>
    <reference_values>
      <length/>
    </reference_values>
    <solid_fuels model="off"/>
    <source_terms/>
    <thermal_scalar model="off"/>
    <turbomachinery model="off">
      <joining/>
    </turbomachinery>
    <turbulence model="k-omega-SST">
      <gravity_terms status="off"/>
      <initialization choice="formula" zone_id="1">
        <formula>I=turbIntensity;
# Diametro hidraulico
#dh=2.510117647;
# Longitud del GTS
dh=2.47648095;
# Turbulent length scale (l)
l=0.07*dh;
k = 1.5*(I*vel_inf)^2;
omega = (k^0.5)/l;</formula>
      </initialization>
      <property label="TurbVisc" name="turbulent_viscosity"/>
      <reference_velocity>94.244</reference_velocity>
      <variable label="k" name="k">
        <blending_factor>1</blending_factor>
        <rhs_reconstruction>1</rhs_reconstruction>
      </variable>
      <variable label="omega" name="omega">
        <blending_factor>1</blending_factor>
        <rhs_reconstruction>1</rhs_reconstruction>
      </variable>
      <wall_function>0</wall_function>
    </turbulence>
    <velocity_pressure>
      <initialization>
        <formula zone_id="1">velocity[0] = vel_inf;
velocity[1] = 0.;
velocity[2] = 0.;</formula>
      </initialization>
      <property label="Stress" name="stress" support="boundary"/>
      <property label="Stress, normal" name="stress_normal" support="boundary">
        <postprocessing_recording status="off"/>
      </property>
      <property label="Stress, tangential" name="stress_tangential" support="boundary">
        <postprocessing_recording status="off"/>
      </property>
      <property label="total_pressure" name="total_pressure"/>
      <property label="Yplus" name="yplus" support="boundary"/>
      <variable label="Pressure" name="pressure">
        <rhs_reconstruction>2</rhs_reconstruction>
      </variable>
      <variable dimension="3" label="Velocity" name="velocity">
        <blending_factor>0.51</blending_factor>
        <order_scheme choice="solu"/>
        <rhs_reconstruction>1</rhs_reconstruction>
      </variable>
    </velocity_pressure>
  </thermophysical_models>
</Code_Saturne_GUI>